,Mean accuracy,Mean Loss
"stddev = 0.01, Nodes = 1024, Dropout = 0.25",0.8295999884605407,0.38084221482276914
"stddev = 0.01, Nodes = 512, Dropout = 0.25",0.825600004196167,0.3828110694885254
"stddev = 0.05, Nodes = 1024, Dropout = 0.25",0.8130000114440918,0.4066843926906586
"stddev = 0.05, Nodes = 512, Dropout = 0.25",0.8090000033378602,0.4115100145339966
"stddev = 0.01, Nodes = 1024, Dropout = 0.5",0.827400004863739,0.3848603367805481
"stddev = 0.01, Nodes = 512, Dropout = 0.5",0.823799991607666,0.39266560077667234
"stddev = 0.05, Nodes = 1024, Dropout = 0.5",0.8195999979972839,0.3973336696624756
"stddev = 0.05, Nodes = 512, Dropout = 0.5",0.801199996471405,0.426406991481781
