,Mean accuracy,Mean Loss
"stddev = 0.01, Nodes = 1024, Dropout = 0.25",0.9164000034332276,0.20754621624946595
"stddev = 0.01, Nodes = 512, Dropout = 0.25",0.903600013256073,0.24159597158432006
"stddev = 0.05, Nodes = 1024, Dropout = 0.25",0.9132000088691712,0.2155806303024292
"stddev = 0.05, Nodes = 512, Dropout = 0.25",0.9164000034332276,0.21386159360408782
"stddev = 0.01, Nodes = 1024, Dropout = 0.5",0.9160000085830688,0.21660002768039704
"stddev = 0.01, Nodes = 512, Dropout = 0.5",0.9132000088691712,0.21117863357067107
"stddev = 0.05, Nodes = 1024, Dropout = 0.5",0.9140000104904175,0.21272673606872558
"stddev = 0.05, Nodes = 512, Dropout = 0.5",0.9152000069618225,0.21154595911502838
