,Mean accuracy,Mean Loss
"stddev = 0.01, Nodes = 1024, Dropout = 0.25",0.8906000018119812,0.28211658000946044
"stddev = 0.01, Nodes = 512, Dropout = 0.25",0.8949999928474426,0.2683131814002991
"stddev = 0.05, Nodes = 1024, Dropout = 0.25",0.8853999972343445,0.28381113409996034
"stddev = 0.05, Nodes = 512, Dropout = 0.25",0.8940000176429749,0.27162291407585143
"stddev = 0.01, Nodes = 1024, Dropout = 0.5",0.8854000091552734,0.29032695293426514
"stddev = 0.01, Nodes = 512, Dropout = 0.5",0.8915999889373779,0.27559212446212766
"stddev = 0.05, Nodes = 1024, Dropout = 0.5",0.8860000014305115,0.2946590483188629
"stddev = 0.05, Nodes = 512, Dropout = 0.5",0.8787999987602234,0.29244689345359803
