,Mean accuracy,Mean Loss
"LR = 0.0001, Nodes = 1024, Dropout = 0.25",0.8847999930381775,0.2891439080238342
"LR = 0.0001, Nodes = 512, Dropout = 0.25",0.8819999933242798,0.2883764684200287
"LR = 0.001, Nodes = 1024, Dropout = 0.25",0.8831999897956848,0.28764655292034147
"LR = 0.001, Nodes = 512, Dropout = 0.25",0.9008000016212463,0.25773967802524567
"LR = 0.0001, Nodes = 1024, Dropout = 0.5",0.8832000136375427,0.2950372338294983
"LR = 0.0001, Nodes = 512, Dropout = 0.5",0.8926000118255615,0.27550233006477354
"LR = 0.001, Nodes = 1024, Dropout = 0.5",0.8819999933242798,0.27437761425971985
"LR = 0.001, Nodes = 512, Dropout = 0.5",0.8932000041007996,0.25507943630218505
