,Mean accuracy,Accuracy standard deviation
Linear,0.8485849999999999,0.0078009791052149405
RBF,0.8357950000000001,0.007719162843210402
