,Mean accuracy,Accuracy standard deviation
Linear,0.8488200000000002,0.0073066818734635
RBF,0.83607,0.00899222441890771
