,Mean accuracy,Accuracy standard deviation
Linear,0.8487399999999999,0.006742951875847854
RBF,0.848825,0.006890346507977671
